,Country,DemoK_4,DemoK_8,DemoK_16,DemoK_32,DemoSpec_16,DemoSpec_32,SocietyK_4,SocietyK_8,SocietyK_16,SocietyK_32,SocietySpec_16,SocietySpec_32,ClimateK_4,ClimateK_8,ClimateK_16,ClimateSpec_16,ClimateSpec_32,ClimateSpec_64,EconomyK_4,EconomyK_8,EconomyK_16,EconomySpec_8,EconomySpec_16,EconomySpec_32,ReligionK_4,ReligionK_8,ReligionK_16,ReligionSpec_16,ReligionSpec_32,ReligionSpec_64,LanguageK_4,LanguageK_8,LanguageSpec_16,LanguageSpec_64,LanguageDBS_3,LanguageDBS_4
0,Afghanistan,2.0,2.0,4.0,12.0,3.0,28.0,1.0,7.0,8.0,29.0,8.0,15.0,0.0,6.0,2.0,0.0,4.0,56.0,0.0,3.0,4.0,2.0,4.0,3.0,0.0,0.0,9.0,2.0,0.0,0.0,0.0,3.0,14.0,34.0,,
1,Akrotiri Sovereign Base Area,,,,,,,,,,,,,,,,,,,,,,,,,,,,,,,,,,,,
2,Aland,,,,,,,,,,,,,,,,,,,,,,,,,,,,,,,,,,,,
3,Albania,1.0,1.0,7.0,16.0,2.0,10.0,2.0,1.0,9.0,20.0,10.0,12.0,3.0,1.0,4.0,8.0,0.0,50.0,0.0,6.0,12.0,0.0,4.0,3.0,0.0,7.0,6.0,13.0,18.0,8.0,2.0,1.0,4.0,62.0,,
4,Algeria,0.0,4.0,0.0,18.0,11.0,5.0,2.0,1.0,9.0,27.0,15.0,12.0,2.0,3.0,8.0,14.0,10.0,1.0,0.0,4.0,10.0,2.0,4.0,6.0,0.0,0.0,9.0,2.0,0.0,0.0,2.0,1.0,4.0,55.0,5.0,1.0
5,American Samoa,,,,,,,,,,,,,,,,,,,,,,,,,0.0,0.0,0.0,2.0,0.0,0.0,,,,,,
6,Andorra,,,,,,,,,,,,,,,,,,,,,,,,,0.0,0.0,0.0,2.0,0.0,0.0,2.0,1.0,4.0,8.0,5.0,1.0
7,Angola,2.0,6.0,1.0,3.0,3.0,28.0,1.0,7.0,6.0,30.0,5.0,10.0,1.0,0.0,12.0,4.0,18.0,51.0,0.0,4.0,8.0,0.0,7.0,27.0,0.0,0.0,0.0,2.0,0.0,0.0,2.0,2.0,6.0,0.0,0.0,0.0
8,Anguilla,,,,,,,,,,,,,,,,,,,,,,,,,0.0,0.0,0.0,2.0,0.0,0.0,,,,,,
9,Antarctica,,,,,,,,,,,,,,,,,,,,,,,,,,,,,,,,,,,,
10,Antigua and Barbuda,1.0,3.0,8.0,20.0,0.0,12.0,2.0,1.0,9.0,28.0,4.0,7.0,0.0,4.0,3.0,5.0,30.0,7.0,,,,,,,0.0,0.0,0.0,2.0,0.0,0.0,3.0,0.0,9.0,8.0,3.0,3.0
11,Argentina,1.0,1.0,14.0,7.0,0.0,23.0,2.0,1.0,9.0,7.0,10.0,1.0,2.0,0.0,13.0,1.0,11.0,15.0,0.0,0.0,7.0,2.0,15.0,7.0,0.0,0.0,0.0,2.0,0.0,0.0,2.0,2.0,6.0,12.0,2.0,0.0
12,Armenia,1.0,3.0,8.0,20.0,2.0,12.0,2.0,1.0,9.0,20.0,10.0,22.0,3.0,6.0,2.0,0.0,4.0,56.0,0.0,6.0,12.0,0.0,4.0,30.0,0.0,0.0,0.0,2.0,0.0,0.0,0.0,3.0,1.0,3.0,1.0,2.0
13,Aruba,1.0,3.0,8.0,20.0,15.0,12.0,,,,,,,,,,,,,,,,,,,0.0,0.0,0.0,2.0,0.0,0.0,,,,,,
14,Ashmore and Cartier Islands,,,,,,,,,,,,,,,,,,,,,,,,,,,,,,,,,,,,
15,Australia,1.0,3.0,8.0,13.0,5.0,15.0,2.0,5.0,5.0,2.0,11.0,5.0,2.0,0.0,13.0,1.0,20.0,41.0,2.0,7.0,15.0,3.0,3.0,2.0,0.0,7.0,12.0,2.0,28.0,11.0,3.0,0.0,9.0,8.0,3.0,3.0
16,Austria,1.0,3.0,12.0,19.0,5.0,15.0,2.0,5.0,5.0,19.0,11.0,5.0,3.0,1.0,5.0,8.0,2.0,3.0,2.0,5.0,9.0,6.0,9.0,13.0,0.0,7.0,6.0,14.0,16.0,17.0,3.0,6.0,15.0,28.0,,
17,Azerbaijan,1.0,1.0,7.0,23.0,14.0,12.0,2.0,4.0,11.0,3.0,12.0,13.0,3.0,6.0,2.0,14.0,4.0,33.0,0.0,4.0,10.0,0.0,11.0,27.0,0.0,7.0,12.0,2.0,29.0,19.0,0.0,3.0,8.0,13.0,8.0,4.0
18,Bahamas,,,,,,,0.0,3.0,7.0,14.0,0.0,7.0,,,,,,,0.0,0.0,13.0,2.0,6.0,25.0,0.0,0.0,0.0,2.0,0.0,0.0,,,,,,
19,Bahrain,0.0,1.0,7.0,24.0,14.0,31.0,2.0,1.0,9.0,27.0,9.0,18.0,2.0,3.0,8.0,6.0,10.0,63.0,0.0,4.0,0.0,7.0,14.0,28.0,0.0,0.0,9.0,2.0,0.0,0.0,0.0,3.0,1.0,3.0,1.0,2.0
20,Bajo Nuevo Bank (Petrel Is.),,,,,,,,,,,,,,,,,,,,,,,,,,,,,,,,,,,,
21,Bangladesh,0.0,4.0,0.0,2.0,2.0,10.0,3.0,4.0,1.0,26.0,12.0,6.0,1.0,2.0,10.0,12.0,1.0,57.0,0.0,4.0,10.0,2.0,4.0,3.0,0.0,0.0,9.0,2.0,0.0,0.0,1.0,4.0,2.0,14.0,,
22,Barbados,1.0,3.0,8.0,9.0,15.0,12.0,2.0,1.0,9.0,28.0,4.0,7.0,0.0,4.0,3.0,12.0,30.0,7.0,0.0,0.0,13.0,2.0,6.0,25.0,0.0,0.0,0.0,2.0,0.0,0.0,1.0,4.0,7.0,20.0,7.0,3.0
23,Baykonur Cosmodrome,,,,,,,,,,,,,,,,,,,,,,,,,,,,,,,,,,,,
24,Belarus,1.0,3.0,2.0,0.0,15.0,12.0,2.0,1.0,2.0,24.0,10.0,1.0,3.0,1.0,5.0,7.0,25.0,3.0,0.0,6.0,5.0,0.0,11.0,27.0,1.0,1.0,1.0,2.0,6.0,22.0,0.0,5.0,12.0,9.0,6.0,
25,Belgium,1.0,3.0,12.0,13.0,5.0,15.0,2.0,5.0,5.0,19.0,11.0,5.0,3.0,1.0,4.0,10.0,3.0,3.0,2.0,7.0,15.0,3.0,3.0,2.0,0.0,0.0,0.0,2.0,0.0,0.0,3.0,6.0,5.0,30.0,4.0,
26,Belize,0.0,4.0,0.0,18.0,2.0,8.0,0.0,3.0,7.0,14.0,7.0,7.0,1.0,2.0,10.0,12.0,16.0,39.0,0.0,0.0,7.0,2.0,0.0,25.0,0.0,0.0,0.0,2.0,0.0,0.0,3.0,0.0,5.0,49.0,,
27,Benin,2.0,2.0,13.0,15.0,11.0,8.0,1.0,7.0,8.0,1.0,5.0,10.0,0.0,4.0,3.0,12.0,16.0,18.0,0.0,3.0,4.0,2.0,13.0,3.0,0.0,0.0,0.0,2.0,0.0,0.0,2.0,1.0,4.0,45.0,5.0,1.0
28,Bermuda,,,,,,,,,,,,,,,,,,,,,,,,,0.0,0.0,0.0,2.0,0.0,0.0,,,,,,
29,Bhutan,0.0,4.0,10.0,21.0,1.0,1.0,3.0,4.0,1.0,26.0,12.0,6.0,1.0,1.0,15.0,8.0,2.0,0.0,0.0,4.0,10.0,0.0,13.0,6.0,0.0,0.0,10.0,2.0,0.0,0.0,0.0,3.0,1.0,27.0,,
30,Bolivia,0.0,4.0,3.0,30.0,11.0,8.0,3.0,4.0,11.0,16.0,15.0,20.0,1.0,0.0,12.0,4.0,18.0,49.0,3.0,1.0,1.0,1.0,1.0,1.0,0.0,0.0,0.0,2.0,0.0,0.0,2.0,2.0,6.0,12.0,2.0,0.0
31,Bosnia and Herzegovina,1.0,3.0,2.0,26.0,15.0,12.0,2.0,1.0,9.0,20.0,10.0,12.0,3.0,1.0,5.0,8.0,2.0,30.0,0.0,6.0,12.0,0.0,2.0,3.0,2.0,3.0,11.0,8.0,2.0,2.0,0.0,5.0,1.0,22.0,,6.0
32,Botswana,0.0,4.0,0.0,18.0,2.0,30.0,3.0,0.0,14.0,15.0,0.0,12.0,2.0,0.0,9.0,1.0,11.0,57.0,0.0,0.0,7.0,2.0,0.0,25.0,0.0,0.0,0.0,2.0,0.0,0.0,1.0,4.0,7.0,8.0,7.0,3.0
33,Brazil,1.0,1.0,8.0,20.0,2.0,12.0,0.0,3.0,7.0,14.0,4.0,7.0,1.0,5.0,12.0,15.0,20.0,41.0,0.0,0.0,7.0,2.0,0.0,25.0,0.0,0.0,0.0,2.0,0.0,0.0,2.0,2.0,6.0,0.0,,0.0
34,British Indian Ocean Territory,,,,,,,,,,,,,,,,,,,,,,,,,,,,,,,,,,,,
35,British Virgin Islands,,,,,,,,,,,,,,,,,,,,,,,,,0.0,0.0,0.0,2.0,0.0,0.0,,,,,,
36,Brunei,1.0,1.0,7.0,23.0,2.0,12.0,2.0,4.0,11.0,3.0,12.0,12.0,1.0,5.0,0.0,11.0,7.0,9.0,0.0,4.0,0.0,7.0,14.0,28.0,0.0,0.0,9.0,2.0,0.0,0.0,1.0,4.0,7.0,8.0,7.0,3.0
37,Bulgaria,1.0,3.0,2.0,19.0,15.0,15.0,2.0,1.0,9.0,20.0,10.0,1.0,3.0,1.0,4.0,14.0,3.0,44.0,0.0,6.0,5.0,6.0,15.0,6.0,1.0,4.0,7.0,3.0,4.0,4.0,0.0,5.0,3.0,22.0,,6.0
38,Burkina Faso,2.0,6.0,1.0,12.0,3.0,28.0,1.0,7.0,8.0,1.0,5.0,10.0,0.0,4.0,3.0,5.0,30.0,7.0,0.0,3.0,11.0,5.0,13.0,3.0,0.0,0.0,9.0,2.0,0.0,0.0,2.0,1.0,4.0,41.0,,1.0
39,Burundi,2.0,6.0,1.0,3.0,3.0,28.0,1.0,7.0,6.0,29.0,8.0,15.0,0.0,4.0,3.0,4.0,31.0,17.0,0.0,3.0,11.0,5.0,5.0,3.0,0.0,0.0,0.0,2.0,0.0,0.0,1.0,4.0,10.0,38.0,,
40,Cambodia,0.0,4.0,10.0,25.0,1.0,1.0,3.0,4.0,1.0,26.0,12.0,6.0,1.0,2.0,10.0,12.0,30.0,7.0,0.0,3.0,4.0,0.0,4.0,6.0,0.0,0.0,10.0,2.0,0.0,0.0,0.0,3.0,1.0,6.0,,
41,Cameroon,2.0,2.0,13.0,15.0,11.0,8.0,1.0,7.0,8.0,18.0,5.0,10.0,1.0,2.0,12.0,12.0,6.0,34.0,0.0,3.0,4.0,2.0,13.0,0.0,0.0,0.0,0.0,2.0,0.0,0.0,1.0,4.0,5.0,17.0,,
42,Canada,1.0,3.0,12.0,13.0,5.0,15.0,2.0,5.0,5.0,2.0,11.0,5.0,3.0,7.0,6.0,2.0,9.0,4.0,2.0,5.0,3.0,6.0,9.0,13.0,0.0,0.0,12.0,2.0,0.0,44.0,3.0,0.0,5.0,17.0,,
43,Cape Verde,0.0,4.0,10.0,25.0,1.0,1.0,,,,,,,2.0,3.0,9.0,14.0,14.0,46.0,,,,,,,0.0,0.0,0.0,2.0,0.0,0.0,2.0,2.0,6.0,0.0,0.0,0.0
44,Cayman Islands,,,,,,,,,,,,,,,,,,,,,,,,,0.0,0.0,0.0,2.0,0.0,0.0,,,,,,
45,Central African Republic,2.0,2.0,11.0,1.0,11.0,8.0,1.0,2.0,13.0,6.0,13.0,17.0,0.0,2.0,3.0,12.0,13.0,26.0,0.0,3.0,11.0,5.0,5.0,0.0,0.0,0.0,0.0,2.0,0.0,43.0,2.0,1.0,4.0,24.0,5.0,1.0
46,Chad,2.0,6.0,1.0,3.0,3.0,28.0,1.0,2.0,13.0,10.0,3.0,4.0,0.0,4.0,14.0,5.0,14.0,47.0,0.0,3.0,11.0,5.0,5.0,0.0,0.0,0.0,9.0,2.0,0.0,0.0,2.0,1.0,4.0,36.0,5.0,1.0
47,Chile,1.0,3.0,8.0,20.0,2.0,12.0,2.0,5.0,5.0,2.0,11.0,5.0,3.0,0.0,13.0,1.0,15.0,15.0,0.0,0.0,7.0,2.0,15.0,7.0,0.0,0.0,0.0,2.0,0.0,0.0,2.0,2.0,6.0,12.0,2.0,0.0
48,China,1.0,3.0,8.0,29.0,9.0,17.0,2.0,4.0,0.0,17.0,1.0,29.0,3.0,7.0,6.0,15.0,3.0,56.0,0.0,6.0,5.0,0.0,11.0,27.0,0.0,0.0,10.0,2.0,0.0,0.0,2.0,1.0,0.0,10.0,,
49,Clipperton Island,,,,,,,,,,,,,,,,,,,,,,,,,,,,,,,,,,,,
50,Colombia,1.0,1.0,7.0,23.0,2.0,12.0,0.0,3.0,7.0,14.0,4.0,7.0,1.0,5.0,0.0,11.0,7.0,9.0,0.0,0.0,7.0,2.0,15.0,31.0,0.0,0.0,0.0,2.0,0.0,0.0,2.0,2.0,6.0,12.0,2.0,0.0
51,Comoros,2.0,2.0,11.0,1.0,11.0,8.0,,,,,,,0.0,4.0,3.0,4.0,31.0,17.0,0.0,3.0,11.0,5.0,5.0,0.0,0.0,0.0,9.0,2.0,0.0,0.0,2.0,1.0,4.0,36.0,5.0,1.0
52,Cook Islands,,,,,,,,,,,,,,,,,,,,,,,,,0.0,0.0,0.0,2.0,0.0,0.0,1.0,4.0,7.0,20.0,7.0,3.0
53,Coral Sea Islands,,,,,,,,,,,,,,,,,,,,,,,,,,,,,,,,,,,,
54,Costa Rica,1.0,1.0,7.0,23.0,2.0,10.0,2.0,5.0,5.0,28.0,4.0,7.0,1.0,5.0,0.0,11.0,7.0,9.0,0.0,0.0,13.0,2.0,6.0,25.0,0.0,0.0,0.0,2.0,0.0,0.0,2.0,2.0,6.0,12.0,2.0,0.0
55,Croatia,1.0,3.0,2.0,19.0,15.0,15.0,2.0,5.0,5.0,20.0,10.0,1.0,3.0,1.0,4.0,14.0,2.0,42.0,2.0,6.0,5.0,6.0,2.0,5.0,0.0,7.0,6.0,2.0,26.0,36.0,0.0,5.0,3.0,63.0,,
56,Cuba,1.0,3.0,12.0,13.0,5.0,15.0,2.0,1.0,9.0,20.0,10.0,7.0,2.0,3.0,12.0,12.0,27.0,23.0,0.0,0.0,7.0,2.0,6.0,25.0,0.0,0.0,0.0,2.0,0.0,0.0,2.0,2.0,6.0,12.0,2.0,0.0
57,Cura√ßao,1.0,3.0,8.0,20.0,0.0,15.0,,,,,,,,,,,,,,,,,,,,,,,,,,,,,,
58,Cyprus,1.0,3.0,8.0,9.0,2.0,12.0,2.0,5.0,5.0,2.0,11.0,5.0,2.0,3.0,1.0,14.0,26.0,22.0,2.0,0.0,13.0,2.0,6.0,25.0,1.0,5.0,15.0,0.0,15.0,35.0,3.0,6.0,11.0,19.0,,
59,Cyprus No Mans Area,,,,,,,,,,,,,,,,,,,,,,,,,,,,,,,,,,,,
60,Czech Republic,1.0,3.0,12.0,19.0,5.0,15.0,2.0,5.0,5.0,20.0,10.0,1.0,3.0,1.0,4.0,14.0,3.0,3.0,0.0,6.0,5.0,7.0,15.0,7.0,0.0,0.0,10.0,2.0,0.0,0.0,0.0,5.0,15.0,59.0,,
61,Democratic Republic of the Congo,2.0,6.0,1.0,3.0,3.0,28.0,1.0,7.0,4.0,9.0,6.0,15.0,1.0,2.0,12.0,4.0,16.0,61.0,0.0,3.0,8.0,2.0,7.0,6.0,0.0,0.0,0.0,2.0,0.0,0.0,2.0,1.0,4.0,50.0,,1.0
62,Denmark,1.0,3.0,12.0,13.0,5.0,15.0,2.0,5.0,5.0,19.0,11.0,5.0,3.0,1.0,4.0,10.0,3.0,54.0,2.0,5.0,3.0,6.0,9.0,13.0,0.0,0.0,0.0,2.0,0.0,0.0,3.0,6.0,11.0,28.0,,
63,Dhekelia Sovereign Base Area,,,,,,,,,,,,,,,,,,,,,,,,,,,,,,,,,,,,
64,Djibouti,0.0,7.0,10.0,30.0,1.0,1.0,,,,,,,2.0,3.0,8.0,6.0,10.0,63.0,0.0,0.0,7.0,2.0,6.0,27.0,0.0,0.0,9.0,2.0,0.0,0.0,2.0,1.0,4.0,36.0,5.0,1.0
65,Dominica,,,,,,,,,,,,,1.0,5.0,7.0,9.0,16.0,2.0,,,,,,,0.0,0.0,0.0,2.0,0.0,0.0,3.0,0.0,9.0,8.0,3.0,3.0
66,Dominican Republic,0.0,1.0,14.0,22.0,0.0,24.0,2.0,1.0,11.0,16.0,0.0,31.0,1.0,5.0,12.0,12.0,3.0,36.0,0.0,4.0,7.0,2.0,15.0,11.0,0.0,0.0,0.0,2.0,0.0,0.0,2.0,2.0,6.0,12.0,2.0,0.0
67,East Timor,,,,,,,,,,,,,,,,,,,,,,,,,,,,,,,2.0,2.0,6.0,0.0,0.0,0.0
68,Ecuador,0.0,1.0,0.0,22.0,4.0,11.0,2.0,1.0,9.0,28.0,4.0,27.0,1.0,5.0,10.0,11.0,18.0,62.0,0.0,4.0,7.0,2.0,4.0,15.0,0.0,0.0,0.0,2.0,0.0,0.0,2.0,2.0,6.0,12.0,2.0,0.0
69,Egypt,0.0,4.0,3.0,18.0,11.0,8.0,2.0,1.0,11.0,16.0,0.0,18.0,0.0,4.0,14.0,5.0,14.0,47.0,0.0,4.0,10.0,2.0,15.0,14.0,0.0,0.0,9.0,2.0,0.0,0.0,0.0,3.0,14.0,34.0,,
70,El Salvador,0.0,1.0,0.0,2.0,2.0,0.0,0.0,3.0,12.0,4.0,7.0,2.0,1.0,5.0,10.0,12.0,16.0,31.0,0.0,0.0,7.0,2.0,10.0,9.0,0.0,0.0,0.0,2.0,0.0,0.0,2.0,2.0,6.0,12.0,2.0,0.0
71,Equatorial Guinea,2.0,2.0,11.0,1.0,11.0,8.0,1.0,7.0,8.0,1.0,5.0,10.0,1.0,5.0,7.0,9.0,5.0,2.0,0.0,4.0,8.0,2.0,7.0,28.0,0.0,0.0,0.0,2.0,0.0,0.0,2.0,2.0,6.0,0.0,,0.0
72,Eritrea,2.0,2.0,11.0,1.0,1.0,1.0,3.0,0.0,6.0,29.0,8.0,15.0,0.0,4.0,14.0,5.0,14.0,47.0,0.0,3.0,4.0,2.0,13.0,3.0,0.0,0.0,9.0,2.0,0.0,0.0,2.0,1.0,4.0,44.0,5.0,1.0
73,Estonia,1.0,3.0,2.0,0.0,15.0,12.0,2.0,5.0,5.0,20.0,10.0,1.0,3.0,1.0,5.0,7.0,25.0,3.0,2.0,6.0,5.0,6.0,15.0,6.0,2.0,6.0,8.0,12.0,7.0,34.0,0.0,5.0,3.0,25.0,9.0,
74,Ethiopia,2.0,2.0,4.0,12.0,1.0,1.0,3.0,0.0,6.0,8.0,8.0,15.0,0.0,4.0,3.0,5.0,30.0,17.0,0.0,3.0,11.0,5.0,5.0,3.0,0.0,0.0,0.0,2.0,0.0,0.0,0.0,3.0,14.0,47.0,,
75,Falkland Islands,,,,,,,,,,,,,,,,,,,,,,,,,0.0,0.0,0.0,2.0,0.0,0.0,,,,,,
76,Faroe Islands,,,,,,,,,,,,,,,,,,,,,,,,,0.0,0.0,0.0,2.0,0.0,0.0,,,,,,
77,Federated States of Micronesia,,,,,,,,,,,,,,,,,,,,,,,,,,,,,,,3.0,0.0,7.0,8.0,7.0,3.0
78,Fiji,0.0,1.0,14.0,22.0,10.0,6.0,,,,,,,1.0,5.0,7.0,11.0,18.0,3.0,0.0,0.0,12.0,2.0,13.0,6.0,0.0,0.0,0.0,2.0,0.0,0.0,1.0,4.0,2.0,14.0,,
79,Finland,1.0,3.0,12.0,13.0,5.0,15.0,2.0,5.0,5.0,19.0,11.0,5.0,3.0,1.0,5.0,7.0,25.0,3.0,2.0,5.0,9.0,6.0,2.0,13.0,0.0,0.0,12.0,2.0,0.0,63.0,3.0,6.0,11.0,28.0,10.0,5.0
80,France,1.0,3.0,12.0,13.0,5.0,15.0,2.0,5.0,5.0,19.0,11.0,5.0,3.0,1.0,4.0,14.0,3.0,58.0,2.0,5.0,3.0,6.0,9.0,13.0,0.0,0.0,0.0,2.0,0.0,63.0,2.0,1.0,4.0,0.0,,1.0
81,French Polynesia,,,,,,,,,,,,,,,,,,,,,,,,,0.0,0.0,0.0,2.0,0.0,0.0,,,,,,
82,Gabon,0.0,7.0,3.0,14.0,11.0,8.0,3.0,0.0,6.0,11.0,12.0,12.0,1.0,5.0,7.0,9.0,5.0,2.0,0.0,4.0,10.0,0.0,11.0,27.0,0.0,0.0,0.0,2.0,0.0,0.0,2.0,1.0,4.0,33.0,5.0,1.0
83,Gambia,2.0,2.0,13.0,1.0,11.0,8.0,,,,,,,0.0,4.0,9.0,12.0,14.0,14.0,0.0,3.0,4.0,2.0,13.0,0.0,0.0,0.0,9.0,2.0,0.0,0.0,1.0,4.0,7.0,20.0,7.0,3.0
84,Georgia,1.0,3.0,8.0,20.0,15.0,15.0,2.0,1.0,11.0,3.0,10.0,26.0,3.0,1.0,5.0,8.0,2.0,3.0,0.0,0.0,7.0,2.0,6.0,7.0,1.0,1.0,1.0,2.0,6.0,30.0,0.0,3.0,1.0,18.0,,
85,Germany,1.0,3.0,12.0,19.0,5.0,15.0,2.0,5.0,5.0,19.0,11.0,5.0,3.0,1.0,4.0,14.0,3.0,3.0,2.0,5.0,9.0,7.0,9.0,13.0,0.0,0.0,12.0,2.0,0.0,29.0,3.0,6.0,11.0,8.0,,5.0
86,Ghana,2.0,7.0,11.0,14.0,11.0,8.0,3.0,0.0,6.0,11.0,12.0,12.0,0.0,4.0,12.0,12.0,19.0,16.0,0.0,3.0,4.0,2.0,13.0,3.0,0.0,0.0,0.0,2.0,0.0,51.0,3.0,0.0,9.0,8.0,,
87,Gibraltar,,,,,,,,,,,,,,,,,,,,,,,,,0.0,0.0,0.0,2.0,0.0,0.0,,,,,,
88,Greece,1.0,3.0,12.0,19.0,5.0,15.0,2.0,5.0,5.0,2.0,11.0,5.0,3.0,1.0,4.0,14.0,3.0,52.0,2.0,6.0,6.0,6.0,2.0,5.0,1.0,5.0,15.0,0.0,14.0,27.0,0.0,6.0,11.0,62.0,,
89,Greenland,,,,,,,,,,,,,,,,,,,,,,,,,0.0,0.0,0.0,2.0,0.0,0.0,,,,,,
90,Grenada,0.0,1.0,7.0,22.0,2.0,26.0,2.0,1.0,11.0,16.0,4.0,7.0,1.0,2.0,10.0,12.0,1.0,57.0,,,,,,,0.0,0.0,0.0,2.0,0.0,0.0,3.0,0.0,9.0,8.0,3.0,3.0
91,Guam,1.0,1.0,14.0,7.0,0.0,23.0,,,,,,,,,,,,,,,,,,,0.0,0.0,0.0,2.0,0.0,0.0,,,,,,
92,Guatemala,0.0,7.0,3.0,30.0,1.0,1.0,0.0,3.0,7.0,14.0,0.0,7.0,1.0,2.0,10.0,12.0,1.0,10.0,0.0,6.0,12.0,0.0,2.0,3.0,0.0,7.0,12.0,2.0,27.0,26.0,2.0,2.0,6.0,12.0,2.0,0.0
93,Guernsey,,,,,,,,,,,,,,,,,,,,,,,,,,,,,,,,,,,,
94,Guinea,2.0,2.0,13.0,15.0,11.0,8.0,1.0,7.0,8.0,18.0,5.0,10.0,0.0,2.0,3.0,12.0,1.0,19.0,0.0,3.0,4.0,2.0,13.0,3.0,0.0,0.0,9.0,2.0,0.0,0.0,2.0,1.0,4.0,41.0,,1.0
95,Guinea Bissau,2.0,2.0,13.0,15.0,11.0,8.0,1.0,7.0,8.0,18.0,5.0,10.0,1.0,2.0,10.0,12.0,16.0,62.0,0.0,3.0,11.0,5.0,5.0,0.0,0.0,0.0,9.0,2.0,0.0,0.0,,,,,,
96,Guyana,0.0,1.0,14.0,7.0,14.0,25.0,3.0,0.0,15.0,21.0,14.0,28.0,1.0,2.0,11.0,3.0,28.0,5.0,0.0,0.0,12.0,2.0,13.0,0.0,0.0,0.0,0.0,2.0,0.0,0.0,3.0,0.0,9.0,49.0,,3.0
97,Haiti,0.0,7.0,3.0,30.0,1.0,1.0,1.0,7.0,14.0,29.0,15.0,15.0,0.0,4.0,3.0,12.0,21.0,35.0,0.0,3.0,4.0,2.0,13.0,0.0,0.0,0.0,0.0,2.0,0.0,0.0,2.0,1.0,4.0,42.0,5.0,1.0
98,Heard Island and McDonald Islands,,,,,,,,,,,,,,,,,,,,,,,,,,,,,,,,,,,,
99,Honduras,0.0,4.0,10.0,25.0,1.0,1.0,0.0,3.0,12.0,4.0,7.0,2.0,1.0,5.0,7.0,12.0,16.0,62.0,0.0,4.0,7.0,2.0,0.0,0.0,0.0,0.0,0.0,2.0,0.0,62.0,2.0,2.0,6.0,12.0,,
100,Hong Kong S.A.R.,1.0,3.0,9.0,11.0,12.0,15.0,,,,,,,,,,,,,2.0,7.0,3.0,6.0,9.0,26.0,0.0,0.0,10.0,2.0,0.0,0.0,,,,,,
101,Hungary,1.0,3.0,2.0,26.0,15.0,12.0,2.0,1.0,2.0,20.0,10.0,1.0,3.0,6.0,4.0,14.0,3.0,3.0,2.0,6.0,5.0,6.0,15.0,6.0,0.0,0.0,0.0,2.0,0.0,0.0,0.0,1.0,15.0,59.0,,
102,Iceland,1.0,3.0,8.0,13.0,0.0,15.0,2.0,5.0,5.0,19.0,11.0,5.0,3.0,1.0,4.0,10.0,0.0,54.0,2.0,7.0,15.0,3.0,3.0,2.0,0.0,0.0,0.0,2.0,0.0,0.0,3.0,6.0,11.0,28.0,10.0,5.0
103,India,0.0,4.0,0.0,2.0,9.0,17.0,3.0,4.0,1.0,23.0,1.0,6.0,0.0,4.0,3.0,14.0,16.0,38.0,0.0,0.0,7.0,2.0,13.0,0.0,0.0,0.0,10.0,2.0,0.0,0.0,1.0,4.0,2.0,14.0,,
104,Indian Ocean Territories,,,,,,,,,,,,,,,,,,,,,,,,,,,,,,,,,,,,
105,Indonesia,1.0,1.0,14.0,7.0,0.0,15.0,3.0,4.0,1.0,26.0,12.0,6.0,1.0,5.0,0.0,11.0,1.0,3.0,0.0,4.0,10.0,0.0,11.0,6.0,0.0,0.0,9.0,2.0,0.0,0.0,0.0,3.0,1.0,23.0,,
106,Iran,0.0,1.0,7.0,2.0,2.0,10.0,2.0,1.0,9.0,27.0,9.0,12.0,2.0,3.0,1.0,14.0,3.0,1.0,0.0,4.0,10.0,0.0,4.0,16.0,0.0,0.0,9.0,2.0,0.0,0.0,0.0,3.0,8.0,13.0,,4.0
107,Iraq,2.0,2.0,11.0,14.0,11.0,8.0,2.0,1.0,11.0,16.0,0.0,7.0,2.0,3.0,1.0,14.0,10.0,1.0,0.0,4.0,10.0,0.0,11.0,27.0,0.0,0.0,9.0,2.0,0.0,0.0,0.0,3.0,1.0,3.0,,2.0
108,Ireland,1.0,3.0,8.0,13.0,0.0,15.0,2.0,5.0,5.0,2.0,11.0,5.0,3.0,6.0,4.0,10.0,0.0,54.0,2.0,5.0,9.0,7.0,8.0,26.0,0.0,0.0,0.0,2.0,0.0,0.0,3.0,0.0,9.0,29.0,,
109,Isle of Man,,,,,,,,,,,,,,,,,,,,,,,,,0.0,0.0,0.0,2.0,0.0,0.0,,,,,,
110,Israel,0.0,1.0,14.0,7.0,0.0,23.0,2.0,5.0,5.0,2.0,11.0,5.0,2.0,3.0,1.0,6.0,10.0,63.0,2.0,5.0,6.0,6.0,2.0,13.0,0.0,0.0,10.0,2.0,0.0,23.0,3.0,6.0,3.0,25.0,,
111,Italy,1.0,3.0,12.0,19.0,5.0,15.0,2.0,5.0,5.0,19.0,11.0,5.0,3.0,1.0,4.0,14.0,22.0,37.0,2.0,5.0,6.0,6.0,2.0,13.0,0.0,0.0,12.0,2.0,0.0,21.0,2.0,1.0,4.0,56.0,,
112,Ivory Coast,2.0,2.0,13.0,15.0,11.0,8.0,1.0,7.0,8.0,18.0,5.0,10.0,0.0,4.0,3.0,12.0,16.0,27.0,0.0,3.0,4.0,2.0,13.0,0.0,0.0,0.0,0.0,2.0,0.0,0.0,2.0,1.0,4.0,31.0,5.0,1.0
113,Jamaica,1.0,1.0,7.0,23.0,0.0,15.0,0.0,3.0,12.0,4.0,7.0,2.0,1.0,5.0,10.0,12.0,16.0,62.0,0.0,0.0,7.0,2.0,6.0,25.0,0.0,0.0,0.0,2.0,0.0,0.0,3.0,0.0,9.0,8.0,3.0,3.0
114,Japan,1.0,3.0,12.0,19.0,5.0,15.0,2.0,5.0,0.0,12.0,1.0,29.0,3.0,1.0,5.0,8.0,3.0,3.0,2.0,5.0,6.0,6.0,2.0,13.0,0.0,0.0,10.0,2.0,0.0,0.0,0.0,7.0,1.0,1.0,,
115,Jersey,,,,,,,,,,,,,,,,,,,,,,,,,,,,,,,,,,,,
116,Jordan,0.0,7.0,3.0,6.0,11.0,8.0,2.0,1.0,9.0,27.0,9.0,18.0,2.0,3.0,1.0,6.0,10.0,63.0,0.0,0.0,12.0,2.0,6.0,17.0,0.0,0.0,12.0,2.0,31.0,18.0,0.0,3.0,3.0,3.0,,
117,Kazakhstan,1.0,1.0,14.0,7.0,0.0,12.0,2.0,1.0,2.0,24.0,10.0,12.0,3.0,6.0,2.0,0.0,4.0,56.0,0.0,6.0,5.0,0.0,15.0,7.0,2.0,3.0,2.0,7.0,3.0,3.0,0.0,5.0,12.0,9.0,,
118,Kenya,2.0,7.0,11.0,14.0,11.0,8.0,3.0,0.0,6.0,8.0,8.0,15.0,0.0,4.0,14.0,5.0,14.0,47.0,0.0,3.0,4.0,5.0,13.0,0.0,0.0,0.0,0.0,2.0,0.0,50.0,1.0,4.0,7.0,20.0,,3.0
119,Kiribati,,,,,,,,,,,,,,,,,,,,,,,,,0.0,0.0,0.0,2.0,0.0,0.0,1.0,4.0,7.0,20.0,7.0,3.0
120,Kosovo,1.0,3.0,8.0,13.0,5.0,15.0,2.0,1.0,2.0,24.0,10.0,1.0,3.0,6.0,4.0,10.0,0.0,54.0,0.0,6.0,12.0,2.0,2.0,5.0,0.0,0.0,12.0,2.0,31.0,13.0,0.0,5.0,1.0,22.0,,
121,Kuwait,1.0,1.0,7.0,17.0,14.0,31.0,2.0,5.0,5.0,2.0,9.0,5.0,2.0,3.0,8.0,6.0,10.0,63.0,0.0,4.0,0.0,7.0,14.0,28.0,0.0,0.0,9.0,2.0,0.0,0.0,0.0,3.0,1.0,3.0,1.0,2.0
122,Kyrgyzstan,0.0,4.0,0.0,18.0,11.0,13.0,2.0,4.0,11.0,3.0,12.0,19.0,3.0,6.0,2.0,0.0,4.0,56.0,0.0,4.0,10.0,0.0,4.0,24.0,2.0,6.0,8.0,4.0,20.0,12.0,0.0,5.0,12.0,9.0,6.0,
123,Laos,0.0,7.0,10.0,10.0,1.0,1.0,3.0,0.0,1.0,11.0,12.0,6.0,1.0,2.0,7.0,12.0,16.0,2.0,0.0,4.0,8.0,2.0,13.0,0.0,0.0,0.0,10.0,2.0,0.0,0.0,0.0,3.0,13.0,16.0,,
124,Latvia,1.0,3.0,2.0,0.0,15.0,12.0,2.0,1.0,2.0,24.0,10.0,1.0,3.0,1.0,5.0,7.0,25.0,3.0,0.0,0.0,13.0,2.0,6.0,25.0,2.0,6.0,8.0,5.0,13.0,10.0,0.0,5.0,3.0,25.0,9.0,
125,Lebanon,1.0,1.0,7.0,23.0,2.0,12.0,2.0,1.0,9.0,27.0,9.0,18.0,2.0,3.0,1.0,14.0,3.0,60.0,0.0,0.0,13.0,2.0,6.0,25.0,0.0,7.0,6.0,6.0,8.0,9.0,1.0,6.0,11.0,48.0,,
126,Lesotho,0.0,7.0,3.0,30.0,11.0,8.0,1.0,6.0,10.0,5.0,2.0,3.0,0.0,4.0,3.0,4.0,31.0,17.0,0.0,4.0,8.0,2.0,0.0,25.0,0.0,0.0,0.0,2.0,0.0,0.0,1.0,4.0,10.0,32.0,,
127,Liberia,2.0,2.0,13.0,15.0,11.0,8.0,1.0,7.0,8.0,18.0,5.0,10.0,1.0,5.0,7.0,12.0,16.0,2.0,0.0,3.0,11.0,5.0,13.0,0.0,0.0,0.0,0.0,2.0,0.0,0.0,3.0,0.0,9.0,8.0,3.0,3.0
128,Libya,0.0,4.0,0.0,18.0,2.0,1.0,2.0,1.0,9.0,27.0,9.0,18.0,2.0,3.0,8.0,6.0,10.0,1.0,0.0,4.0,10.0,0.0,11.0,27.0,0.0,0.0,9.0,2.0,0.0,0.0,0.0,3.0,1.0,3.0,1.0,2.0
129,Liechtenstein,,,,,,,,,,,,,,,,,,,,,,,,,0.0,0.0,0.0,2.0,0.0,0.0,1.0,3.0,1.0,61.0,,
130,Lithuania,1.0,3.0,2.0,0.0,15.0,12.0,2.0,1.0,2.0,24.0,10.0,1.0,3.0,1.0,4.0,14.0,3.0,3.0,2.0,6.0,5.0,6.0,15.0,6.0,0.0,7.0,6.0,2.0,22.0,7.0,0.0,5.0,3.0,25.0,9.0,
131,Luxembourg,1.0,3.0,12.0,9.0,5.0,15.0,2.0,5.0,5.0,19.0,11.0,5.0,3.0,1.0,4.0,10.0,3.0,3.0,2.0,7.0,15.0,3.0,3.0,2.0,0.0,0.0,0.0,2.0,0.0,0.0,3.0,6.0,5.0,30.0,4.0,
132,Macao S.A.R,1.0,0.0,6.0,5.0,6.0,4.0,,,,,,,,,,,,,,,,,,,0.0,0.0,10.0,2.0,0.0,0.0,,,,,,
133,Macedonia,1.0,3.0,8.0,9.0,2.0,12.0,2.0,1.0,9.0,20.0,10.0,23.0,3.0,1.0,4.0,14.0,2.0,25.0,0.0,6.0,12.0,0.0,2.0,3.0,1.0,4.0,4.0,10.0,9.0,6.0,0.0,3.0,1.0,3.0,1.0,2.0
134,Madagascar,2.0,2.0,11.0,14.0,11.0,8.0,3.0,0.0,6.0,8.0,8.0,15.0,0.0,4.0,3.0,4.0,31.0,17.0,0.0,3.0,4.0,2.0,13.0,0.0,0.0,0.0,0.0,2.0,0.0,60.0,2.0,1.0,4.0,57.0,5.0,1.0
135,Malawi,2.0,2.0,13.0,15.0,11.0,8.0,3.0,0.0,6.0,8.0,8.0,15.0,0.0,4.0,3.0,4.0,31.0,17.0,0.0,3.0,4.0,2.0,13.0,0.0,0.0,0.0,0.0,2.0,0.0,48.0,1.0,4.0,7.0,20.0,7.0,3.0
136,Malaysia,0.0,1.0,7.0,22.0,2.0,21.0,2.0,4.0,11.0,3.0,10.0,21.0,1.0,5.0,0.0,11.0,7.0,9.0,0.0,4.0,7.0,2.0,15.0,7.0,0.0,0.0,9.0,2.0,0.0,0.0,0.0,6.0,0.0,26.0,,
137,Maldives,0.0,4.0,10.0,21.0,1.0,31.0,2.0,5.0,0.0,17.0,12.0,12.0,0.0,4.0,3.0,12.0,1.0,59.0,0.0,0.0,13.0,2.0,6.0,25.0,0.0,0.0,9.0,2.0,0.0,0.0,0.0,3.0,1.0,3.0,1.0,2.0
138,Mali,2.0,6.0,1.0,3.0,3.0,28.0,1.0,7.0,8.0,18.0,5.0,10.0,0.0,4.0,14.0,5.0,14.0,47.0,0.0,3.0,11.0,5.0,5.0,3.0,0.0,0.0,9.0,2.0,0.0,0.0,2.0,1.0,4.0,46.0,5.0,1.0
139,Malta,1.0,3.0,12.0,26.0,5.0,15.0,2.0,5.0,5.0,2.0,11.0,5.0,2.0,3.0,1.0,6.0,10.0,63.0,2.0,5.0,6.0,6.0,2.0,5.0,0.0,0.0,0.0,2.0,0.0,0.0,3.0,0.0,9.0,8.0,3.0,3.0
140,Marshall Islands,,,,,,,,,,,,,,,,,,,,,,,,,0.0,0.0,0.0,2.0,0.0,0.0,3.0,0.0,9.0,8.0,3.0,3.0
141,Mauritania,2.0,2.0,11.0,1.0,11.0,8.0,1.0,7.0,8.0,18.0,15.0,15.0,2.0,3.0,14.0,5.0,14.0,47.0,0.0,3.0,4.0,0.0,4.0,3.0,0.0,0.0,9.0,2.0,0.0,0.0,2.0,1.0,4.0,41.0,,1.0
142,Mauritius,1.0,3.0,8.0,9.0,2.0,12.0,2.0,4.0,11.0,3.0,12.0,9.0,0.0,2.0,3.0,4.0,18.0,17.0,0.0,6.0,12.0,6.0,2.0,5.0,0.0,0.0,10.0,2.0,0.0,0.0,1.0,4.0,7.0,20.0,7.0,3.0
143,Mexico,0.0,1.0,14.0,22.0,0.0,3.0,0.0,3.0,7.0,14.0,7.0,2.0,2.0,3.0,9.0,14.0,17.0,43.0,0.0,0.0,7.0,2.0,15.0,23.0,0.0,0.0,0.0,2.0,0.0,0.0,2.0,2.0,6.0,12.0,2.0,0.0
144,Moldova,1.0,3.0,8.0,9.0,2.0,12.0,2.0,1.0,11.0,3.0,12.0,11.0,3.0,6.0,2.0,0.0,4.0,56.0,0.0,6.0,12.0,0.0,4.0,3.0,1.0,5.0,5.0,0.0,11.0,5.0,2.0,1.0,4.0,53.0,,
145,Monaco,,,,,,,,,,,,,,,,,,,,,,,,,0.0,0.0,0.0,2.0,0.0,0.0,2.0,1.0,4.0,51.0,5.0,1.0
146,Mongolia,0.0,1.0,14.0,7.0,14.0,27.0,3.0,4.0,11.0,0.0,0.0,12.0,3.0,6.0,2.0,0.0,4.0,56.0,0.0,4.0,10.0,0.0,4.0,6.0,0.0,0.0,10.0,2.0,0.0,0.0,0.0,3.0,1.0,2.0,,
147,Montenegro,1.0,3.0,8.0,13.0,5.0,15.0,2.0,1.0,2.0,24.0,10.0,1.0,3.0,1.0,5.0,8.0,2.0,3.0,2.0,6.0,12.0,6.0,2.0,5.0,1.0,1.0,1.0,2.0,17.0,15.0,0.0,3.0,1.0,3.0,1.0,2.0
148,Montserrat,,,,,,,,,,,,,,,,,,,,,,,,,0.0,0.0,0.0,2.0,0.0,0.0,,,,,,
149,Morocco,0.0,4.0,0.0,22.0,13.0,19.0,2.0,1.0,11.0,16.0,15.0,25.0,2.0,3.0,1.0,14.0,3.0,8.0,0.0,4.0,7.0,2.0,13.0,10.0,0.0,0.0,9.0,2.0,0.0,0.0,0.0,3.0,14.0,34.0,,
150,Mozambique,2.0,2.0,13.0,15.0,11.0,8.0,1.0,7.0,14.0,30.0,5.0,0.0,0.0,2.0,12.0,4.0,23.0,45.0,0.0,3.0,4.0,2.0,13.0,3.0,0.0,0.0,0.0,2.0,0.0,56.0,2.0,2.0,6.0,0.0,0.0,0.0
151,Myanmar,0.0,1.0,14.0,7.0,0.0,18.0,,,,,,,1.0,2.0,15.0,8.0,2.0,0.0,0.0,3.0,10.0,0.0,11.0,3.0,0.0,0.0,10.0,2.0,0.0,0.0,1.0,4.0,7.0,21.0,,
152,Namibia,0.0,7.0,3.0,6.0,11.0,8.0,3.0,0.0,6.0,15.0,0.0,12.0,0.0,4.0,9.0,5.0,11.0,57.0,0.0,0.0,7.0,2.0,0.0,25.0,0.0,0.0,0.0,2.0,0.0,0.0,1.0,4.0,7.0,20.0,7.0,3.0
153,Nauru,,,,,,,,,,,,,,,,,,,,,,,,,0.0,0.0,0.0,2.0,0.0,0.0,3.0,0.0,9.0,8.0,3.0,3.0
154,Nepal,0.0,4.0,10.0,25.0,1.0,1.0,3.0,4.0,1.0,26.0,12.0,6.0,3.0,1.0,15.0,8.0,2.0,0.0,0.0,3.0,4.0,2.0,13.0,0.0,0.0,0.0,10.0,2.0,0.0,0.0,0.0,3.0,1.0,40.0,,
155,Netherlands,1.0,3.0,12.0,13.0,5.0,15.0,2.0,5.0,5.0,19.0,11.0,5.0,3.0,6.0,4.0,10.0,3.0,54.0,2.0,5.0,3.0,6.0,9.0,13.0,0.0,0.0,0.0,2.0,0.0,0.0,3.0,6.0,11.0,28.0,10.0,5.0
156,New Caledonia,,,,,,,,,,,,,,,,,,,,,,,,,0.0,0.0,0.0,2.0,0.0,0.0,,,,,,
157,New Zealand,1.0,3.0,8.0,13.0,0.0,15.0,2.0,5.0,5.0,2.0,11.0,5.0,1.0,0.0,13.0,1.0,15.0,15.0,2.0,7.0,3.0,6.0,9.0,13.0,0.0,0.0,10.0,2.0,0.0,0.0,3.0,0.0,9.0,8.0,3.0,3.0
158,Nicaragua,0.0,4.0,0.0,2.0,2.0,10.0,2.0,1.0,11.0,16.0,10.0,14.0,1.0,2.0,10.0,12.0,1.0,57.0,0.0,0.0,7.0,2.0,13.0,18.0,0.0,0.0,0.0,2.0,0.0,0.0,2.0,2.0,6.0,12.0,2.0,0.0
159,Niger,2.0,6.0,1.0,31.0,3.0,28.0,1.0,7.0,8.0,18.0,5.0,10.0,0.0,4.0,14.0,5.0,14.0,47.0,0.0,3.0,11.0,5.0,5.0,3.0,0.0,0.0,9.0,2.0,0.0,0.0,2.0,1.0,4.0,52.0,,
160,Nigeria,2.0,2.0,13.0,15.0,3.0,8.0,1.0,2.0,3.0,13.0,6.0,8.0,0.0,4.0,3.0,12.0,12.0,20.0,0.0,3.0,4.0,2.0,13.0,0.0,0.0,0.0,9.0,2.0,0.0,0.0,3.0,0.0,9.0,8.0,,
161,Niue,,,,,,,,,,,,,,,,,,,,,,,,,0.0,0.0,0.0,2.0,0.0,0.0,1.0,4.0,7.0,20.0,7.0,3.0
162,Norfolk Island,,,,,,,,,,,,,,,,,,,,,,,,,,,,,,,1.0,4.0,7.0,20.0,7.0,3.0
163,North Korea,1.0,3.0,8.0,20.0,14.0,12.0,3.0,4.0,1.0,23.0,1.0,6.0,3.0,1.0,5.0,8.0,2.0,3.0,0.0,3.0,14.0,4.0,7.0,19.0,0.0,0.0,10.0,2.0,0.0,0.0,0.0,3.0,1.0,15.0,,
164,Northern Cyprus,,,,,,,,,,,,,,,,,,,,,,,,,,,,,,,0.0,3.0,8.0,13.0,8.0,4.0
165,Northern Mariana Islands,,,,,,,,,,,,,,,,,,,,,,,,,0.0,0.0,0.0,2.0,0.0,0.0,,,,,,
166,Norway,1.0,3.0,12.0,13.0,5.0,15.0,2.0,5.0,5.0,19.0,11.0,5.0,3.0,1.0,5.0,13.0,8.0,6.0,2.0,5.0,9.0,7.0,9.0,26.0,0.0,0.0,0.0,2.0,0.0,63.0,3.0,6.0,11.0,28.0,10.0,5.0
167,Oman,0.0,7.0,10.0,10.0,1.0,1.0,2.0,1.0,9.0,27.0,9.0,18.0,2.0,3.0,8.0,6.0,10.0,63.0,0.0,4.0,0.0,7.0,14.0,28.0,0.0,0.0,9.0,2.0,0.0,0.0,0.0,3.0,1.0,3.0,1.0,2.0
168,Pakistan,2.0,7.0,11.0,14.0,11.0,8.0,3.0,0.0,6.0,30.0,5.0,10.0,0.0,4.0,14.0,14.0,14.0,47.0,0.0,3.0,4.0,2.0,13.0,3.0,0.0,0.0,9.0,2.0,0.0,0.0,1.0,4.0,7.0,20.0,,
169,Palau,,,,,,,,,,,,,,,,,,,,,,,,,0.0,0.0,0.0,2.0,0.0,0.0,3.0,0.0,9.0,4.0,,
170,Palestine,,,,,,,,,,,,,,,,,,,,,,,,,0.0,7.0,12.0,2.0,30.0,24.0,1.0,4.0,7.0,20.0,,
171,Panama,0.0,1.0,14.0,7.0,0.0,14.0,2.0,1.0,9.0,28.0,4.0,7.0,1.0,5.0,0.0,11.0,7.0,9.0,0.0,0.0,13.0,2.0,6.0,25.0,0.0,0.0,0.0,2.0,0.0,0.0,2.0,2.0,6.0,12.0,2.0,0.0
172,Papua New Guinea,0.0,7.0,3.0,6.0,11.0,8.0,3.0,0.0,6.0,31.0,0.0,12.0,1.0,2.0,11.0,3.0,28.0,5.0,0.0,4.0,8.0,2.0,7.0,6.0,0.0,0.0,0.0,2.0,0.0,0.0,1.0,4.0,7.0,8.0,7.0,3.0
173,Paraguay,0.0,4.0,0.0,2.0,2.0,10.0,2.0,1.0,11.0,28.0,10.0,30.0,1.0,0.0,12.0,4.0,18.0,55.0,0.0,4.0,7.0,2.0,13.0,20.0,0.0,0.0,0.0,2.0,0.0,0.0,2.0,2.0,6.0,12.0,2.0,0.0
174,Peru,0.0,1.0,0.0,22.0,8.0,9.0,2.0,5.0,9.0,28.0,4.0,7.0,1.0,5.0,12.0,4.0,18.0,3.0,0.0,4.0,7.0,2.0,4.0,22.0,0.0,0.0,0.0,2.0,0.0,0.0,2.0,2.0,6.0,12.0,2.0,0.0
175,Philippines,0.0,4.0,0.0,18.0,11.0,8.0,3.0,4.0,1.0,26.0,12.0,6.0,1.0,2.0,10.0,12.0,1.0,59.0,0.0,4.0,7.0,2.0,0.0,25.0,0.0,0.0,0.0,2.0,0.0,0.0,3.0,0.0,5.0,5.0,,
176,Pitcairn Islands,,,,,,,,,,,,,,,,,,,,,,,,,,,,,,,,,,,,
177,Poland,1.0,3.0,2.0,26.0,15.0,12.0,2.0,1.0,9.0,20.0,10.0,1.0,3.0,1.0,4.0,14.0,4.0,3.0,0.0,6.0,5.0,0.0,15.0,6.0,0.0,0.0,12.0,2.0,0.0,28.0,0.0,5.0,3.0,25.0,,
178,Portugal,1.0,3.0,2.0,19.0,15.0,12.0,2.0,5.0,5.0,19.0,11.0,5.0,3.0,1.0,4.0,14.0,29.0,28.0,2.0,6.0,6.0,6.0,2.0,5.0,0.0,0.0,0.0,2.0,0.0,0.0,2.0,2.0,6.0,0.0,,0.0
179,Puerto Rico,1.0,3.0,2.0,26.0,15.0,15.0,,,,,,,,,,,,,,,,,,,0.0,0.0,0.0,2.0,0.0,0.0,,,,,,
180,Qatar,3.0,5.0,5.0,4.0,7.0,7.0,2.0,1.0,9.0,27.0,9.0,18.0,2.0,3.0,8.0,6.0,10.0,63.0,2.0,5.0,6.0,6.0,12.0,29.0,0.0,0.0,9.0,2.0,0.0,0.0,0.0,3.0,1.0,3.0,1.0,2.0
181,Republic of Congo,2.0,2.0,11.0,1.0,11.0,8.0,0.0,3.0,4.0,22.0,8.0,15.0,1.0,5.0,7.0,9.0,18.0,2.0,0.0,4.0,8.0,2.0,7.0,6.0,0.0,0.0,0.0,2.0,0.0,0.0,2.0,1.0,4.0,37.0,5.0,1.0
182,Republic of Serbia,1.0,3.0,2.0,26.0,15.0,15.0,2.0,1.0,9.0,20.0,10.0,24.0,3.0,1.0,4.0,14.0,2.0,24.0,0.0,6.0,5.0,0.0,11.0,27.0,1.0,1.0,1.0,2.0,6.0,31.0,0.0,5.0,1.0,22.0,,6.0
183,Romania,1.0,3.0,2.0,26.0,15.0,12.0,2.0,1.0,9.0,20.0,10.0,1.0,3.0,6.0,4.0,14.0,4.0,12.0,0.0,6.0,5.0,6.0,15.0,6.0,1.0,1.0,1.0,2.0,19.0,32.0,0.0,5.0,15.0,53.0,,
184,Russia,1.0,3.0,2.0,0.0,15.0,12.0,2.0,1.0,2.0,24.0,10.0,1.0,3.0,7.0,6.0,2.0,9.0,4.0,0.0,0.0,7.0,2.0,0.0,25.0,1.0,4.0,4.0,9.0,12.0,6.0,0.0,5.0,12.0,9.0,6.0,
185,Rwanda,2.0,2.0,11.0,14.0,1.0,1.0,3.0,0.0,1.0,11.0,12.0,6.0,0.0,4.0,3.0,4.0,31.0,17.0,0.0,3.0,4.0,2.0,13.0,0.0,0.0,0.0,0.0,2.0,0.0,0.0,1.0,4.0,10.0,38.0,,
186,Saint Barthelemy,,,,,,,,,,,,,,,,,,,,,,,,,,,,,,,,,,,,
187,Saint Helena,,,,,,,,,,,,,,,,,,,,,,,,,0.0,0.0,0.0,2.0,0.0,0.0,,,,,,
188,Saint Kitts and Nevis,,,,,,,,,,,,,0.0,4.0,3.0,12.0,30.0,17.0,,,,,,,0.0,0.0,0.0,2.0,0.0,0.0,3.0,0.0,9.0,8.0,3.0,3.0
189,Saint Lucia,1.0,1.0,7.0,16.0,2.0,10.0,0.0,3.0,7.0,14.0,4.0,7.0,1.0,2.0,10.0,12.0,1.0,7.0,,,,,,,0.0,0.0,0.0,2.0,0.0,0.0,1.0,4.0,7.0,8.0,7.0,3.0
190,Saint Pierre and Miquelon,,,,,,,,,,,,,,,,,,,,,,,,,0.0,0.0,0.0,2.0,0.0,0.0,,,,,,
191,Saint Vincent and the Grenadines,1.0,1.0,7.0,23.0,2.0,15.0,0.0,3.0,12.0,4.0,7.0,2.0,1.0,5.0,7.0,9.0,16.0,2.0,,,,,,,0.0,0.0,0.0,2.0,0.0,0.0,3.0,0.0,9.0,8.0,3.0,3.0
192,Samoa,0.0,7.0,3.0,6.0,14.0,8.0,,,,,,,1.0,2.0,11.0,3.0,28.0,5.0,,,,,,,0.0,0.0,0.0,2.0,0.0,0.0,1.0,4.0,7.0,8.0,7.0,3.0
193,San Marino,,,,,,,,,,,,,,,,,,,,,,,,,0.0,0.0,0.0,2.0,0.0,0.0,2.0,1.0,4.0,43.0,5.0,1.0
194,Sao Tome and Principe,2.0,2.0,11.0,1.0,11.0,8.0,3.0,4.0,1.0,26.0,12.0,6.0,1.0,5.0,0.0,11.0,7.0,9.0,0.0,0.0,12.0,2.0,2.0,5.0,0.0,0.0,0.0,2.0,0.0,0.0,,,,,,
195,Saudi Arabia,0.0,7.0,10.0,10.0,1.0,1.0,2.0,1.0,9.0,27.0,9.0,18.0,2.0,3.0,8.0,6.0,10.0,63.0,0.0,4.0,0.0,7.0,14.0,28.0,0.0,0.0,9.0,2.0,0.0,0.0,0.0,3.0,1.0,3.0,1.0,2.0
196,Scarborough Reef,,,,,,,,,,,,,,,,,,,,,,,,,,,,,,,,,,,,
197,Senegal,2.0,2.0,13.0,15.0,11.0,8.0,3.0,0.0,6.0,11.0,12.0,6.0,0.0,4.0,12.0,12.0,30.0,11.0,0.0,3.0,4.0,2.0,13.0,3.0,0.0,0.0,9.0,2.0,0.0,0.0,2.0,1.0,4.0,58.0,5.0,1.0
198,Serranilla Bank,,,,,,,,,,,,,,,,,,,,,,,,,,,,,,,,,,,,
199,Seychelles,1.0,1.0,7.0,23.0,14.0,31.0,2.0,4.0,11.0,3.0,4.0,7.0,1.0,5.0,7.0,9.0,5.0,2.0,0.0,0.0,13.0,6.0,6.0,5.0,0.0,0.0,0.0,2.0,0.0,0.0,1.0,4.0,5.0,17.0,,
200,Siachen Glacier,,,,,,,,,,,,,,,,,,,,,,,,,,,,,,,,,,,,
201,Sierra Leone,2.0,2.0,13.0,15.0,1.0,1.0,1.0,2.0,13.0,10.0,3.0,4.0,1.0,2.0,10.0,12.0,1.0,57.0,0.0,3.0,11.0,5.0,5.0,0.0,0.0,0.0,9.0,2.0,0.0,0.0,3.0,0.0,9.0,49.0,,3.0
202,Singapore,1.0,3.0,9.0,11.0,12.0,12.0,2.0,5.0,0.0,12.0,1.0,29.0,1.0,5.0,0.0,11.0,7.0,9.0,2.0,5.0,9.0,7.0,8.0,26.0,0.0,0.0,10.0,2.0,0.0,0.0,3.0,0.0,0.0,7.0,,
203,Sint Maarten,,,,,,,,,,,,,,,,,,,,,,,,,,,,,,,,,,,,
204,Slovakia,1.0,3.0,2.0,26.0,15.0,12.0,2.0,1.0,9.0,20.0,10.0,1.0,3.0,1.0,5.0,8.0,2.0,3.0,2.0,6.0,6.0,6.0,12.0,29.0,0.0,0.0,0.0,2.0,0.0,0.0,0.0,3.0,15.0,59.0,,
205,Slovenia,1.0,3.0,12.0,19.0,5.0,15.0,2.0,5.0,5.0,19.0,11.0,5.0,3.0,1.0,5.0,8.0,2.0,3.0,2.0,6.0,6.0,6.0,2.0,13.0,0.0,0.0,12.0,2.0,28.0,37.0,0.0,6.0,3.0,63.0,,
206,Solomon Islands,2.0,7.0,3.0,14.0,11.0,8.0,,,,,,,1.0,5.0,11.0,3.0,28.0,5.0,,,,,,,0.0,0.0,0.0,2.0,0.0,0.0,1.0,4.0,7.0,8.0,7.0,3.0
207,Somalia,2.0,6.0,1.0,3.0,3.0,28.0,1.0,2.0,3.0,13.0,6.0,8.0,0.0,4.0,14.0,5.0,14.0,47.0,0.0,3.0,14.0,4.0,5.0,19.0,0.0,0.0,9.0,2.0,0.0,0.0,0.0,3.0,1.0,3.0,,2.0
208,Somaliland,,,,,,,,,,,,,,,,,,,,,,,,,,,,,,,1.0,4.0,7.0,39.0,,
209,South Africa,0.0,1.0,14.0,7.0,0.0,20.0,0.0,3.0,15.0,21.0,15.0,28.0,2.0,0.0,9.0,1.0,11.0,57.0,0.0,0.0,7.0,2.0,0.0,25.0,0.0,0.0,0.0,2.0,0.0,54.0,1.0,4.0,10.0,32.0,,
210,South Georgia and South Sandwich Islands,,,,,,,,,,,,,,,,,,,,,,,,,,,,,,,,,,,,
211,South Korea,1.0,3.0,12.0,26.0,15.0,12.0,2.0,5.0,0.0,12.0,1.0,29.0,3.0,1.0,5.0,8.0,3.0,3.0,1.0,2.0,2.0,1.0,1.0,1.0,0.0,0.0,10.0,2.0,0.0,0.0,0.0,3.0,1.0,15.0,,
212,South Sudan,2.0,2.0,4.0,28.0,11.0,8.0,1.0,2.0,13.0,10.0,3.0,4.0,0.0,4.0,3.0,5.0,30.0,47.0,0.0,3.0,11.0,5.0,5.0,0.0,0.0,0.0,0.0,2.0,0.0,0.0,1.0,4.0,7.0,20.0,7.0,3.0
213,Spain,1.0,3.0,12.0,19.0,5.0,15.0,2.0,5.0,5.0,2.0,11.0,5.0,3.0,1.0,4.0,14.0,3.0,13.0,2.0,5.0,6.0,6.0,2.0,13.0,0.0,7.0,12.0,2.0,24.0,38.0,2.0,2.0,6.0,12.0,2.0,0.0
214,Spratly Islands,,,,,,,,,,,,,,,,,,,,,,,,,,,,,,,,,,,,
215,Sri Lanka,1.0,1.0,8.0,20.0,0.0,12.0,2.0,4.0,0.0,17.0,1.0,29.0,0.0,2.0,3.0,12.0,30.0,7.0,0.0,0.0,10.0,2.0,4.0,8.0,0.0,0.0,10.0,2.0,0.0,0.0,0.0,6.0,3.0,60.0,,
216,Sudan,2.0,2.0,11.0,15.0,11.0,8.0,3.0,0.0,6.0,11.0,12.0,6.0,0.0,4.0,14.0,5.0,14.0,47.0,0.0,3.0,11.0,5.0,5.0,0.0,0.0,0.0,9.0,2.0,0.0,0.0,1.0,4.0,7.0,20.0,7.0,3.0
217,Suriname,0.0,1.0,14.0,7.0,14.0,16.0,2.0,1.0,2.0,0.0,15.0,1.0,1.0,5.0,7.0,9.0,5.0,2.0,0.0,4.0,7.0,2.0,0.0,25.0,0.0,0.0,0.0,2.0,0.0,0.0,3.0,6.0,11.0,28.0,10.0,5.0
218,Swaziland,0.0,7.0,3.0,30.0,1.0,1.0,1.0,7.0,14.0,25.0,14.0,0.0,0.0,4.0,3.0,14.0,30.0,53.0,,,,,,,0.0,0.0,0.0,2.0,0.0,0.0,,,,,,
219,Sweden,1.0,3.0,12.0,13.0,5.0,15.0,2.0,5.0,5.0,19.0,11.0,5.0,3.0,1.0,5.0,7.0,25.0,3.0,2.0,5.0,9.0,7.0,9.0,26.0,0.0,0.0,12.0,2.0,0.0,39.0,3.0,0.0,11.0,28.0,,5.0
220,Switzerland,1.0,3.0,12.0,19.0,5.0,15.0,2.0,5.0,5.0,19.0,11.0,5.0,3.0,1.0,4.0,10.0,0.0,54.0,2.0,5.0,3.0,7.0,9.0,26.0,3.0,2.0,13.0,1.0,1.0,40.0,3.0,6.0,5.0,30.0,4.0,
221,Syria,0.0,7.0,3.0,30.0,11.0,8.0,2.0,1.0,11.0,16.0,9.0,18.0,2.0,3.0,1.0,14.0,4.0,1.0,0.0,3.0,4.0,2.0,13.0,0.0,0.0,7.0,12.0,2.0,23.0,41.0,0.0,3.0,1.0,3.0,1.0,2.0
222,Taiwan,1.0,3.0,12.0,26.0,2.0,12.0,,,,,,,,,,,,,,,,,,,0.0,0.0,10.0,2.0,0.0,0.0,0.0,3.0,0.0,11.0,,
223,Tajikistan,0.0,7.0,3.0,6.0,11.0,8.0,3.0,4.0,1.0,31.0,12.0,6.0,3.0,6.0,2.0,0.0,4.0,56.0,0.0,3.0,4.0,0.0,4.0,3.0,0.0,0.0,12.0,2.0,31.0,42.0,0.0,5.0,12.0,22.0,11.0,6.0
224,Thailand,1.0,3.0,8.0,9.0,2.0,12.0,2.0,4.0,0.0,17.0,10.0,12.0,1.0,2.0,10.0,12.0,24.0,21.0,0.0,4.0,10.0,0.0,15.0,4.0,0.0,0.0,10.0,2.0,0.0,0.0,0.0,3.0,13.0,16.0,,
225,The Bahamas,,,,,,,,,,,,,,,,,,,,,,,,,,,,,,,,,,,,
226,Togo,2.0,2.0,11.0,1.0,11.0,8.0,1.0,7.0,6.0,30.0,5.0,10.0,0.0,4.0,3.0,12.0,30.0,29.0,0.0,3.0,4.0,2.0,13.0,0.0,0.0,0.0,0.0,2.0,0.0,0.0,2.0,1.0,4.0,54.0,5.0,1.0
227,Tonga,0.0,7.0,3.0,6.0,11.0,8.0,,,,,,,,,,,,,,,,,,,0.0,0.0,0.0,2.0,0.0,0.0,1.0,4.0,10.0,32.0,,
228,Trinidad and Tobago,1.0,3.0,8.0,20.0,5.0,12.0,0.0,3.0,12.0,14.0,7.0,2.0,1.0,2.0,10.0,12.0,1.0,62.0,0.0,4.0,10.0,0.0,11.0,27.0,0.0,0.0,0.0,2.0,0.0,0.0,3.0,0.0,9.0,8.0,3.0,3.0
229,Tunisia,1.0,1.0,14.0,7.0,0.0,29.0,2.0,1.0,9.0,27.0,9.0,12.0,2.0,3.0,1.0,14.0,3.0,1.0,0.0,0.0,7.0,2.0,4.0,12.0,0.0,0.0,9.0,2.0,0.0,0.0,0.0,3.0,1.0,3.0,1.0,2.0
230,Turkey,1.0,1.0,7.0,23.0,0.0,12.0,2.0,1.0,9.0,27.0,9.0,18.0,3.0,1.0,4.0,14.0,3.0,32.0,0.0,4.0,7.0,2.0,15.0,7.0,0.0,0.0,9.0,2.0,0.0,0.0,0.0,3.0,8.0,13.0,8.0,4.0
231,Turkmenistan,0.0,4.0,0.0,18.0,14.0,22.0,3.0,4.0,1.0,31.0,0.0,6.0,2.0,6.0,2.0,14.0,4.0,1.0,0.0,4.0,10.0,0.0,11.0,27.0,0.0,7.0,6.0,2.0,25.0,25.0,0.0,5.0,12.0,22.0,11.0,6.0
232,Turks and Caicos Islands,,,,,,,,,,,,,,,,,,,,,,,,,0.0,0.0,0.0,2.0,0.0,0.0,,,,,,
233,Tuvalu,,,,,,,,,,,,,,,,,,,,,,,,,0.0,0.0,0.0,2.0,0.0,0.0,1.0,4.0,7.0,20.0,7.0,3.0
234,US Naval Base Guantanamo Bay,,,,,,,,,,,,,,,,,,,,,,,,,,,,,,,,,,,,
235,Uganda,2.0,6.0,1.0,3.0,3.0,28.0,3.0,0.0,6.0,8.0,8.0,15.0,0.0,4.0,3.0,4.0,31.0,17.0,0.0,3.0,4.0,2.0,13.0,0.0,0.0,0.0,0.0,2.0,0.0,61.0,3.0,0.0,10.0,32.0,,
236,Ukraine,1.0,3.0,2.0,0.0,15.0,12.0,2.0,1.0,2.0,24.0,10.0,1.0,3.0,6.0,4.0,14.0,4.0,3.0,0.0,0.0,7.0,2.0,0.0,25.0,1.0,4.0,14.0,11.0,5.0,20.0,0.0,5.0,3.0,22.0,,6.0
237,United Arab Emirates,3.0,5.0,15.0,8.0,7.0,7.0,2.0,1.0,9.0,27.0,9.0,18.0,2.0,3.0,8.0,6.0,10.0,63.0,0.0,4.0,0.0,7.0,14.0,28.0,0.0,0.0,9.0,2.0,0.0,0.0,0.0,3.0,1.0,3.0,1.0,2.0
238,United Kingdom,1.0,3.0,12.0,13.0,5.0,15.0,2.0,5.0,5.0,2.0,11.0,5.0,3.0,1.0,4.0,10.0,0.0,54.0,2.0,5.0,3.0,6.0,9.0,13.0,0.0,0.0,0.0,2.0,0.0,63.0,3.0,0.0,5.0,29.0,,
239,United Republic of Tanzania,2.0,2.0,13.0,15.0,11.0,8.0,3.0,0.0,6.0,8.0,8.0,15.0,0.0,2.0,12.0,4.0,23.0,48.0,0.0,3.0,4.0,0.0,4.0,3.0,3.0,2.0,3.0,15.0,1.0,1.0,1.0,4.0,7.0,20.0,,3.0
240,United States of America,1.0,3.0,8.0,13.0,5.0,15.0,2.0,1.0,2.0,7.0,9.0,5.0,3.0,7.0,6.0,15.0,3.0,3.0,2.0,5.0,9.0,7.0,9.0,26.0,0.0,0.0,12.0,2.0,0.0,16.0,1.0,4.0,7.0,20.0,7.0,3.0
241,Uruguay,1.0,3.0,8.0,20.0,15.0,12.0,2.0,1.0,2.0,7.0,4.0,7.0,2.0,0.0,13.0,1.0,15.0,15.0,0.0,0.0,13.0,2.0,6.0,7.0,0.0,0.0,0.0,2.0,0.0,0.0,2.0,2.0,6.0,12.0,2.0,0.0
242,Uzbekistan,0.0,4.0,0.0,2.0,2.0,10.0,2.0,4.0,11.0,3.0,12.0,16.0,3.0,6.0,2.0,0.0,4.0,56.0,0.0,4.0,10.0,0.0,4.0,6.0,0.0,7.0,6.0,2.0,21.0,14.0,0.0,5.0,12.0,22.0,11.0,6.0
243,Vanuatu,0.0,7.0,3.0,30.0,11.0,8.0,,,,,,,1.0,2.0,10.0,4.0,18.0,17.0,,,,,,,0.0,0.0,0.0,2.0,0.0,0.0,3.0,0.0,5.0,17.0,,
244,Vatican,,,,,,,,,,,,,,,,,,,,,,,,,0.0,0.0,0.0,2.0,0.0,0.0,,,,,,
245,Venezuela,0.0,1.0,14.0,22.0,0.0,2.0,0.0,3.0,12.0,4.0,7.0,2.0,1.0,5.0,0.0,11.0,7.0,9.0,0.0,4.0,10.0,0.0,11.0,27.0,0.0,0.0,0.0,2.0,0.0,0.0,2.0,2.0,6.0,12.0,2.0,0.0
246,Vietnam,1.0,1.0,7.0,23.0,2.0,12.0,3.0,4.0,1.0,23.0,1.0,6.0,1.0,2.0,10.0,12.0,1.0,40.0,0.0,4.0,10.0,2.0,13.0,21.0,0.0,0.0,10.0,2.0,0.0,0.0,0.0,3.0,13.0,35.0,,
247,Wallis and Futuna,,,,,,,,,,,,,,,,,,,,,,,,,0.0,0.0,0.0,2.0,0.0,0.0,,,,,,
248,Yemen,2.0,2.0,4.0,27.0,1.0,1.0,3.0,0.0,6.0,31.0,0.0,10.0,0.0,4.0,14.0,5.0,14.0,47.0,0.0,3.0,4.0,2.0,0.0,0.0,0.0,0.0,9.0,2.0,0.0,0.0,0.0,3.0,1.0,3.0,1.0,2.0
249,Zambia,2.0,2.0,13.0,15.0,11.0,8.0,3.0,0.0,6.0,30.0,5.0,10.0,1.0,2.0,12.0,4.0,23.0,45.0,0.0,4.0,8.0,2.0,0.0,25.0,0.0,0.0,0.0,2.0,0.0,0.0,1.0,4.0,7.0,20.0,7.0,3.0
250,Zimbabwe,0.0,7.0,3.0,6.0,11.0,8.0,1.0,7.0,14.0,29.0,14.0,0.0,0.0,4.0,12.0,4.0,23.0,45.0,0.0,0.0,4.0,2.0,13.0,0.0,0.0,0.0,0.0,2.0,0.0,46.0,3.0,0.0,10.0,32.0,,
